{
    "info": {
      "_postman_id": "b5d8f3e2-1f7d-4e5c-8f9a-9b7c8f3e2d1f",
      "name": "Tourism API",
      "description": "Complete API collection for the Tourism application",
      "schema": "https://schema.getpostman.com/json/collection/v2.1.0/collection.json"
    },
    "item": [
      {
        "name": "Auth",
        "item": [
          {
            "name": "Sign Up",
            "request": {
              "method": "POST",
              "header": [],
              "body": {
                "mode": "raw",
                "raw": "{\n    \"name\": \"John Doe\",\n    \"email\": \"john@example.com\",\n    \"password\": \"password123\"\n}",
                "options": {
                  "raw": {
                    "language": "json"
                  }
                }
              },
              "url": {
                "raw": "{{baseUrl}}/api/v1/users/signup",
                "host": ["{{baseUrl}}"],
                "path": ["api", "v1", "users", "signup"]
              }
            }
          },
          {
            "name": "Login",
            "request": {
              "method": "POST",
              "header": [],
              "body": {
                "mode": "raw",
                "raw": "{\n    \"email\": \"john@example.com\",\n    \"password\": \"password123\"\n}",
                "options": {
                  "raw": {
                    "language": "json"
                  }
                }
              },
              "url": {
                "raw": "{{baseUrl}}/api/v1/users/login",
                "host": ["{{baseUrl}}"],
                "path": ["api", "v1", "users", "login"]
              }
            }
          },
          {
            "name": "Get My Profile",
            "request": {
              "method": "GET",
              "header": [
                {
                  "key": "Authorization",
                  "value": "Bearer {{authToken}}",
                  "type": "text"
                }
              ],
              "url": {
                "raw": "{{baseUrl}}/api/v1/users/me",
                "host": ["{{baseUrl}}"],
                "path": ["api", "v1", "users", "me"]
              }
            }
          },
          {
            "name": "Update Profile",
            "request": {
              "method": "PATCH",
              "header": [
                {
                  "key": "Authorization",
                  "value": "Bearer {{authToken}}",
                  "type": "text"
                }
              ],
              "body": {
                "mode": "raw",
                "raw": "{\n    \"name\": \"John Updated\",\n    \"email\": \"john.updated@example.com\"\n}",
                "options": {
                  "raw": {
                    "language": "json"
                  }
                }
              },
              "url": {
                "raw": "{{baseUrl}}/api/v1/users/updateMe",
                "host": ["{{baseUrl}}"],
                "path": ["api", "v1", "users", "updateMe"]
              }
            }
          },
          {
            "name": "Update Password",
            "request": {
              "method": "PATCH",
              "header": [
                {
                  "key": "Authorization",
                  "value": "Bearer {{authToken}}",
                  "type": "text"
                }
              ],
              "body": {
                "mode": "raw",
                "raw": "{\n    \"currentPassword\": \"password123\",\n    \"newPassword\": \"newpassword123\"\n}",
                "options": {
                  "raw": {
                    "language": "json"
                  }
                }
              },
              "url": {
                "raw": "{{baseUrl}}/api/v1/users/updatePassword",
                "host": ["{{baseUrl}}"],
                "path": ["api", "v1", "users", "updatePassword"]
              }
            }
          }
        ]
      },
      {
        "name": "Tours",
        "item": [
          {
            "name": "Get All Tours",
            "request": {
              "method": "GET",
              "header": [],
              "url": {
                "raw": "{{baseUrl}}/api/v1/tours",
                "host": ["{{baseUrl}}"],
                "path": ["api", "v1", "tours"]
              }
            }
          },
          {
            "name": "Get Tour",
            "request": {
              "method": "GET",
              "header": [],
              "url": {
                "raw": "{{baseUrl}}/api/v1/tours/1",
                "host": ["{{baseUrl}}"],
                "path": ["api", "v1", "tours", "1"]
              }
            }
          },
          {
            "name": "Create Tour",
            "request": {
              "method": "POST",
              "header": [
                {
                  "key": "Authorization",
                  "value": "Bearer {{authToken}}",
                  "type": "text"
                }
              ],
              "body": {
                "mode": "formdata",
                "formdata": [
                  {
                    "key": "title",
                    "value": "Paris Adventure",
                    "type": "text"
                  },
                  {
                    "key": "description",
                    "value": "Explore the beautiful city of Paris",
                    "type": "text"
                  },
                  {
                    "key": "price",
                    "value": "1299.99",
                    "type": "text"
                  },
                  {
                    "key": "duration",
                    "value": "7",
                    "type": "text"
                  },
                  {
                    "key": "max_group_size",
                    "value": "15",
                    "type": "text"
                  },
                  {
                    "key": "difficulty",
                    "value": "medium",
                    "type": "text"
                  },
                  {
                    "key": "location_id",
                    "value": "1",
                    "type": "text"
                  },
                  {
                    "key": "image",
                    "type": "file",
                    "src": []
                  }
                ]
              },
              "url": {
                "raw": "{{baseUrl}}/api/v1/tours",
                "host": ["{{baseUrl}}"],
                "path": ["api", "v1", "tours"]
              }
            }
          },
          {
            "name": "Update Tour",
            "request": {
              "method": "PATCH",
              "header": [
                {
                  "key": "Authorization",
                  "value": "Bearer {{authToken}}",
                  "type": "text"
                }
              ],
              "body": {
                "mode": "formdata",
                "formdata": [
                  {
                    "key": "title",
                    "value": "Updated Paris Adventure",
                    "type": "text"
                  },
                  {
                    "key": "price",
                    "value": "1399.99",
                    "type": "text"
                  },
                  {
                    "key": "image",
                    "type": "file",
                    "src": []
                  }
                ]
              },
              "url": {
                "raw": "{{baseUrl}}/api/v1/tours/1",
                "host": ["{{baseUrl}}"],
                "path": ["api", "v1", "tours", "1"]
              }
            }
          },
          {
            "name": "Delete Tour",
            "request": {
              "method": "DELETE",
              "header": [
                {
                  "key": "Authorization",
                  "value": "Bearer {{authToken}}",
                  "type": "text"
                }
              ],
              "url": {
                "raw": "{{baseUrl}}/api/v1/tours/1",
                "host": ["{{baseUrl}}"],
                "path": ["api", "v1", "tours", "1"]
              }
            }
          }
        ]
      },
      {
        "name": "Locations",
        "item": [
          {
            "name": "Get All Locations",
            "request": {
              "method": "GET",
              "header": [],
              "url": {
                "raw": "{{baseUrl}}/api/v1/locations",
                "host": ["{{baseUrl}}"],
                "path": ["api", "v1", "locations"]
              }
            }
          },
          {
            "name": "Get Location",
            "request": {
              "method": "GET",
              "header": [],
              "url": {
                "raw": "{{baseUrl}}/api/v1/locations/1",
                "host": ["{{baseUrl}}"],
                "path": ["api", "v1", "locations", "1"]
              }
            }
          },
          {
            "name": "Create Location",
            "request": {
              "method": "POST",
              "header": [
                {
                  "key": "Authorization",
                  "value": "Bearer {{authToken}}",
                  "type": "text"
                }
              ],
              "body": {
                "mode": "formdata",
                "formdata": [
                  {
                    "key": "name",
                    "value": "Paris",
                    "type": "text"
                  },
                  {
                    "key": "description",
                    "value": "The city of love and lights",
                    "type": "text"
                  },
                  {
                    "key": "image",
                    "type": "file",
                    "src": []
                  }
                ]
              },
              "url": {
                "raw": "{{baseUrl}}/api/v1/locations",
                "host": ["{{baseUrl}}"],
                "path": ["api", "v1", "locations"]
              }
            }
          },
          {
            "name": "Update Location",
            "request": {
              "method": "PATCH",
              "header": [
                {
                  "key": "Authorization",
                  "value": "Bearer {{authToken}}",
                  "type": "text"
                }
              ],
              "body": {
                "mode": "formdata",
                "formdata": [
                  {
                    "key": "name",
                    "value": "Updated Paris",
                    "type": "text"
                  },
                  {
                    "key": "description",
                    "value": "Updated description of Paris",
                    "type": "text"
                  },
                  {
                    "key": "image",
                    "type": "file",
                    "src": []
                  }
                ]
              },
              "url": {
                "raw": "{{baseUrl}}/api/v1/locations/1",
                "host": ["{{baseUrl}}"],
                "path": ["api", "v1", "locations", "1"]
              }
            }
          },
          {
            "name": "Delete Location",
            "request": {
              "method": "DELETE",
              "header": [
                {
                  "key": "Authorization",
                  "value": "Bearer {{authToken}}",
                  "type": "text"
                }
              ],
              "url": {
                "raw": "{{baseUrl}}/api/v1/locations/1",
                "host": ["{{baseUrl}}"],
                "path": ["api", "v1", "locations", "1"]
              }
            }
          }
        ]
      },
      {
        "name": "Bookings",
        "item": [
          {
            "name": "Get All Bookings",
            "request": {
              "method": "GET",
              "header": [
                {
                  "key": "Authorization",
                  "value": "Bearer {{authToken}}",
                  "type": "text"
                }
              ],
              "url": {
                "raw": "{{baseUrl}}/api/v1/bookings",
                "host": ["{{baseUrl}}"],
                "path": ["api", "v1", "bookings"]
              }
            }
          },
          {
            "name": "Get My Bookings",
            "request": {
              "method": "GET",
              "header": [
                {
                  "key": "Authorization",
                  "value": "Bearer {{authToken}}",
                  "type": "text"
                }
              ],
              "url": {
                "raw": "{{baseUrl}}/api/v1/bookings/my-bookings",
                "host": ["{{baseUrl}}"],
                "path": ["api", "v1", "bookings", "my-bookings"]
              }
            }
          },
          {
            "name": "Get Booking",
            "request": {
              "method": "GET",
              "header": [
                {
                  "key": "Authorization",
                  "value": "Bearer {{authToken}}",
                  "type": "text"
                }
              ],
              "url": {
                "raw": "{{baseUrl}}/api/v1/bookings/1",
                "host": ["{{baseUrl}}"],
                "path": ["api", "v1", "bookings", "1"]
              }
            }
          },
          {
            "name": "Create Booking",
            "request": {
              "method": "POST",
              "header": [
                {
                  "key": "Authorization",
                  "value": "Bearer {{authToken}}",
                  "type": "text"
                }
              ],
              "body": {
                "mode": "raw",
                "raw": "{\n    \"tour_id\": 1,\n    \"booking_date\": \"2024-02-15\"\n}",
                "options": {
                  "raw": {
                    "language": "json"
                  }
                }
              },
              "url": {
                "raw": "{{baseUrl}}/api/v1/bookings",
                "host": ["{{baseUrl}}"],
                "path": ["api", "v1", "bookings"]
              }
            }
          },
          {
            "name": "Update Booking",
            "request": {
              "method": "PATCH",
              "header": [
                {
                  "key": "Authorization",
                  "value": "Bearer {{authToken}}",
                  "type": "text"
                }
              ],
              "body": {
                "mode": "raw",
                "raw": "{\n    \"status\": \"confirmed\"\n}",
                "options": {
                  "raw": {
                    "language": "json"
                  }
                }
              },
              "url": {
                "raw": "{{baseUrl}}/api/v1/bookings/1",
                "host": ["{{baseUrl}}"],
                "path": ["api", "v1", "bookings", "1"]
              }
            }
          },
          {
            "name": "Delete Booking",
            "request": {
              "method": "DELETE",
              "header": [
                {
                  "key": "Authorization",
                  "value": "Bearer {{authToken}}",
                  "type": "text"
                }
              ],
              "url": {
                "raw": "{{baseUrl}}/api/v1/bookings/1",
                "host": ["{{baseUrl}}"],
                "path": ["api", "v1", "bookings", "1"]
              }
            }
          }
        ]
      },
      {
        "name": "Blogs",
        "item": [
          {
            "name": "Get All Blogs",
            "request": {
              "method": "GET",
              "header": [],
              "url": {
                "raw": "{{baseUrl}}/api/v1/blogs",
                "host": ["{{baseUrl}}"],
                "path": ["api", "v1", "blogs"]
              }
            }
          },
          {
            "name": "Get Blog",
            "request": {
              "method": "GET",
              "header": [],
              "url": {
                "raw": "{{baseUrl}}/api/v1/blogs/1",
                "host": ["{{baseUrl}}"],
                "path": ["api", "v1", "blogs", "1"]
              }
            }
          },
          {
            "name": "Create Blog",
            "request": {
              "method": "POST",
              "header": [
                {
                  "key": "Authorization",
                  "value": "Bearer {{authToken}}",
                  "type": "text"
                }
              ],
              "body": {
                "mode": "formdata",
                "formdata": [
                  {
                    "key": "title",
                    "value": "Top 10 Places to Visit in Paris",
                    "type": "text"
                  },
                  {
                    "key": "description",
                    "value": "Discover the most beautiful places in Paris...",
                    "type": "text"
                  },
                  {
                    "key": "image",
                    "type": "file",
                    "src": []
                  }
                ]
              },
              "url": {
                "raw": "{{baseUrl}}/api/v1/blogs",
                "host": ["{{baseUrl}}"],
                "path": ["api", "v1", "blogs"]
              }
            }
          },
          {
            "name": "Update Blog",
            "request": {
              "method": "PATCH",
              "header": [
                {
                  "key": "Authorization",
                  "value": "Bearer {{authToken}}",
                  "type": "text"
                }
              ],
              "body": {
                "mode": "formdata",
                "formdata": [
                  {
                    "key": "title",
                    "value": "Updated: Top 10 Places to Visit in Paris",
                    "type": "text"
                  },
                  {
                    "key": "description",
                    "value": "Updated content about Paris...",
                    "type": "text"
                  },
                  {
                    "key": "image",
                    "type": "file",
                    "src": []
                  }
                ]
              },
              "url": {
                "raw": "{{baseUrl}}/api/v1/blogs/1",
                "host": ["{{baseUrl}}"],
                "path": ["api", "v1", "blogs", "1"]
              }
            }
          },
          {
            "name": "Delete Blog",
            "request": {
              "method": "DELETE",
              "header": [
                {
                  "key": "Authorization",
                  "value": "Bearer {{authToken}}",
                  "type": "text"
                }
              ],
              "url": {
                "raw": "{{baseUrl}}/api/v1/blogs/1",
                "host": ["{{baseUrl}}"],
                "path": ["api", "v1", "blogs", "1"]
              }
            }
          }
        ]
      },
      {
        "name": "Meta Tags",
        "item": [
          {
            "name": "Get All Meta Tags",
            "request": {
              "method": "GET",
              "header": [],
              "url": {
                "raw": "{{baseUrl}}/api/v1/meta-tags",
                "host": ["{{baseUrl}}"],
                "path": ["api", "v1", "meta-tags"]
              }
            }
          },
          {
            "name": "Get Meta Tag by Page URL",
            "request": {
              "method": "GET",
              "header": [],
              "url": {
                "raw": "{{baseUrl}}/api/v1/meta-tags/page?page_url=/tours/paris-adventure",
                "host": ["{{baseUrl}}"],
                "path": ["api", "v1", "meta-tags", "page"],
                "query": [
                  {
                    "key": "page_url",
                    "value": "/tours/paris-adventure"
                  }
                ]
              }
            }
          },
          {
            "name": "Get Meta Tag",
            "request": {
              "method": "GET",
              "header": [],
              "url": {
                "raw": "{{baseUrl}}/api/v1/meta-tags/1",
                "host": ["{{baseUrl}}"],
                "path": ["api", "v1", "meta-tags", "1"]
              }
            }
          },
          {
            "name": "Create Meta Tag",
            "request": {
              "method": "POST",
              "header": [
                {
                  "key": "Authorization",
                  "value": "Bearer {{authToken}}",
                  "type": "text"
                }
              ],
              "body": {
                "mode": "raw",
                "raw": "{\n    \"title\": \"Paris Adventure Tour - Tourism API\",\n    \"description\": \"Experience the best of Paris with our guided tour\",\n    \"keywords\": \"paris, tour, travel, france, tourism\",\n    \"page_url\": \"/tours/paris-adventure\"\n}",
                "options": {
                  "raw": {
                    "language": "json"
                  }
                }
              },
              "url": {
                "raw": "{{baseUrl}}/api/v1/meta-tags",
                "host": ["{{baseUrl}}"],
                "path": ["api", "v1", "meta-tags"]
              }
            }
          },
          {
            "name": "Update Meta Tag",
            "request": {
              "method": "PATCH",
              "header": [
                {
                  "key": "Authorization",
                  "value": "Bearer {{authToken}}",
                  "type": "text"
                }
              ],
              "body": {
                "mode": "raw",
                "raw": "{\n    \"title\": \"Updated: Paris Adventure Tour - Tourism API\",\n    \"description\": \"Updated description for Paris tour\",\n    \"keywords\": \"updated, paris, tour, travel, france, tourism\"\n}",
                "options": {
                  "raw": {
                    "language": "json"
                  }
                }
              },
              "url": {
                "raw": "{{baseUrl}}/api/v1/meta-tags/1",
                "host": ["{{baseUrl}}"],
                "path": ["api", "v1", "meta-tags", "1"]
              }
            }
          },
          {
            "name": "Delete Meta Tag",
            "request": {
              "method": "DELETE",
              "header": [
                {
                  "key": "Authorization",
                  "value": "Bearer {{authToken}}",
                  "type": "text"
                }
              ],
              "url": {
                "raw": "{{baseUrl}}/api/v1/meta-tags/1",
                "host": ["{{baseUrl}}"],
                "path": ["api", "v1", "meta-tags", "1"]
              }
            }
          }
        ]
      }
    ],
    "event": [
      {
        "listen": "prerequest",
        "script": {
          "type": "text/javascript",
          "exec": [""]
        }
      },
      {
        "listen": "test",
        "script": {
          "type": "text/javascript",
          "exec": [""]
        }
      }
    ],
    "variable": [
      {
        "key": "baseUrl",
        "value": "http://localhost:3000",
        "type": "string"
      },
      {
        "key": "authToken",
        "value": "your_jwt_token_here",
        "type": "string"
      }
    ]
  }